{
    "test_loss": 1.7042115926742554,
    "test_accuracy": 0.33381131291389465,
    "classification_report": {
        "Surprise": {
            "precision": 0.0,
            "recall": 0.0,
            "f1-score": 0.0,
            "support": 162.0
        },
        "Fear": {
            "precision": 0.3951612903225806,
            "recall": 0.12311557788944724,
            "f1-score": 0.18773946360153257,
            "support": 398.0
        },
        "Disgust": {
            "precision": 1.0,
            "recall": 0.002824858757062147,
            "f1-score": 0.005633802816901409,
            "support": 354.0
        },
        "Happy": {
            "precision": 0.32968369829683697,
            "recall": 0.9854545454545455,
            "f1-score": 0.49407474931631723,
            "support": 1100.0
        },
        "Sad": {
            "precision": 0.0,
            "recall": 0.0,
            "f1-score": 0.0,
            "support": 246.0
        },
        "Angry": {
            "precision": 0.40540540540540543,
            "recall": 0.06666666666666667,
            "f1-score": 0.11450381679389313,
            "support": 450.0
        },
        "Neutral": {
            "precision": 0.0,
            "recall": 0.0,
            "f1-score": 0.0,
            "support": 777.0
        },
        "accuracy": 0.3338112991109837,
        "macro avg": {
            "precision": 0.30432148486068894,
            "recall": 0.16829452125253166,
            "f1-score": 0.11456454750409205,
            "support": 3487.0
        },
        "weighted avg": {
            "precision": 0.30294198282401497,
            "recall": 0.3338112991109837,
            "f1-score": 0.1926365398668752,
            "support": 3487.0
        }
    },
    "per_class_accuracy": {
        "Surprise": 0.0,
        "Fear": 0.12311557788944724,
        "Disgust": 0.002824858757062147,
        "Happy": 0.9854545454545455,
        "Sad": 0.0,
        "Angry": 0.06666666666666667,
        "Neutral": 0.0
    }
}