{
    "test_loss": 2.093205213546753,
    "test_accuracy": 0.19318971037864685,
    "classification_report": {
        "Angry": {
            "precision": 0.0,
            "recall": 0.0,
            "f1-score": 0.0,
            "support": 353.0
        },
        "Disgust": {
            "precision": 0.0,
            "recall": 0.0,
            "f1-score": 0.0,
            "support": 398.0
        },
        "Fear": {
            "precision": 0.0,
            "recall": 0.0,
            "f1-score": 0.0,
            "support": 1101.0
        },
        "Happy": {
            "precision": 0.1931897150799166,
            "recall": 1.0,
            "f1-score": 0.3238206173558532,
            "support": 834.0
        },
        "Neutral": {
            "precision": 0.0,
            "recall": 0.0,
            "f1-score": 0.0,
            "support": 589.0
        },
        "Sad": {
            "precision": 0.0,
            "recall": 0.0,
            "f1-score": 0.0,
            "support": 592.0
        },
        "Surprise": {
            "precision": 0.0,
            "recall": 0.0,
            "f1-score": 0.0,
            "support": 450.0
        },
        "accuracy": 0.1931897150799166,
        "macro avg": {
            "precision": 0.027598530725702373,
            "recall": 0.14285714285714285,
            "f1-score": 0.046260088193693316,
            "support": 4317.0
        },
        "weighted avg": {
            "precision": 0.03732226601265936,
            "recall": 0.1931897150799166,
            "f1-score": 0.06255881280397997,
            "support": 4317.0
        }
    },
    "per_class_accuracy": {
        "Angry": 0.0,
        "Disgust": 0.0,
        "Fear": 0.0,
        "Happy": 1.0,
        "Neutral": 0.0,
        "Sad": 0.0,
        "Surprise": 0.0
    }
}