{
    "test_loss": 1.7734601497650146,
    "test_accuracy": 0.31545740365982056,
    "classification_report": {
        "Surprise": {
            "precision": 0.0,
            "recall": 0.0,
            "f1-score": 0.0,
            "support": 324.0
        },
        "Fear": {
            "precision": 0.0,
            "recall": 0.0,
            "f1-score": 0.0,
            "support": 796.0
        },
        "Disgust": {
            "precision": 0.0,
            "recall": 0.0,
            "f1-score": 0.0,
            "support": 707.0
        },
        "Happy": {
            "precision": 0.31545741324921134,
            "recall": 1.0,
            "f1-score": 0.47961630695443647,
            "support": 2200.0
        },
        "Sad": {
            "precision": 0.0,
            "recall": 0.0,
            "f1-score": 0.0,
            "support": 492.0
        },
        "Angry": {
            "precision": 0.0,
            "recall": 0.0,
            "f1-score": 0.0,
            "support": 901.0
        },
        "Neutral": {
            "precision": 0.0,
            "recall": 0.0,
            "f1-score": 0.0,
            "support": 1554.0
        },
        "accuracy": 0.31545741324921134,
        "macro avg": {
            "precision": 0.04506534474988733,
            "recall": 0.14285714285714285,
            "f1-score": 0.0685166152792052,
            "support": 6974.0
        },
        "weighted avg": {
            "precision": 0.0995133795738837,
            "recall": 0.31545741324921134,
            "f1-score": 0.15129851954398627,
            "support": 6974.0
        }
    },
    "per_class_accuracy": {
        "Surprise": 0.0,
        "Fear": 0.0,
        "Disgust": 0.0,
        "Happy": 1.0,
        "Sad": 0.0,
        "Angry": 0.0,
        "Neutral": 0.0
    }
}