{
    "test_loss": 0.8405061364173889,
    "test_accuracy": 0.6861246228218079,
    "classification_report": {
        "Angry": {
            "precision": 0.5,
            "recall": 0.3881019830028329,
            "f1-score": 0.4370015948963317,
            "support": 353.0
        },
        "Disgust": {
            "precision": 0.5173745173745173,
            "recall": 0.33668341708542715,
            "f1-score": 0.4079147640791476,
            "support": 398.0
        },
        "Fear": {
            "precision": 0.8848987108655617,
            "recall": 0.8728428701180745,
            "f1-score": 0.8788294467306813,
            "support": 1101.0
        },
        "Happy": {
            "precision": 0.7620578778135049,
            "recall": 0.8525179856115108,
            "f1-score": 0.8047538200339559,
            "support": 834.0
        },
        "Neutral": {
            "precision": 0.5455820476858345,
            "recall": 0.6604414261460102,
            "f1-score": 0.5975422427035331,
            "support": 589.0
        },
        "Sad": {
            "precision": 0.5741007194244604,
            "recall": 0.6739864864864865,
            "f1-score": 0.62004662004662,
            "support": 592.0
        },
        "Surprise": {
            "precision": 0.6470588235294118,
            "recall": 0.5133333333333333,
            "f1-score": 0.5724907063197026,
            "support": 450.0
        },
        "accuracy": 0.6861246235811906,
        "macro avg": {
            "precision": 0.6330103852418987,
            "recall": 0.6139867859690965,
            "f1-score": 0.6169398849728532,
            "support": 4317.0
        },
        "weighted avg": {
            "precision": 0.6821025553043726,
            "recall": 0.6861246235811906,
            "f1-score": 0.6791772860144896,
            "support": 4317.0
        }
    },
    "per_class_accuracy": {
        "Angry": 0.3881019830028329,
        "Disgust": 0.33668341708542715,
        "Fear": 0.8728428701180745,
        "Happy": 0.8525179856115108,
        "Neutral": 0.6604414261460102,
        "Sad": 0.6739864864864865,
        "Surprise": 0.5133333333333333
    }
}